,CCY,SYMBOL,WC07015
0,NA,CN:PCL,NA
1,NA,CN:ITL,NA
2,NA,CN:ABC,NA
3,NA,CN:BCL,NA
4,NA,CN:CLF,NA
5,NA,CN:CPC,NA
6,NA,CN:SPU,NA
7,NA,CN:MER,NA
8,NA,CN:KCM,NA
9,NA,CN:IBC,NA
10,NA,CN:CMB,NA
11,NA,CN:CSE,NA
12,NA,CN:CSL,NA
13,NA,CN:SAM,NA
14,NA,CN:BOC,NA
15,NA,CN:CNB,NA
16,NA,CN:CYP,NA
17,NA,CN:CNP,NA
18,NA,CN:CER,NA
19,NA,CN:CSC,NA
20,NA,CN:CRG,NA
21,NA,CN:JIA,NA
22,NA,CN:CEB,NA
23,NA,CN:GJS,NA
24,NA,CN:CRC,NA
25,NA,CN:BKB,NA
26,NA,CN:QBD,NA
27,NA,CN:NNR,NA
28,NA,CN:SPZ,NA
29,NA,CN:SMT,NA
30,NA,CN:HXB,NA
31,NA,CN:BIS,NA
32,NA,CN:CMZ,NA
33,NA,CN:DAQ,NA
34,NA,CN:IMB,NA
35,NA,CN:ORS,NA
36,NA,CN:PRE,NA
37,NA,CN:CUC,NA
38,NA,CN:JHM,NA
39,NA,CN:YDR,NA
40,NA,CN:HPI,NA
41,NA,CN:SRX,NA
42,NA,CN:MNG,NA
43,NA,CN:GCL,NA
44,NA,CN:FHT,NA
45,NA,CN:NLI,NA
46,NA,CN:NGP,NA
47,NA,CN:JNP,NA
48,NA,CN:SGU,NA
49,NA,CN:CFL,NA
50,NA,CN:EBS,NA
51,NA,CN:MCC,NA
52,NA,CN:ZEP,NA
53,NA,CN:CMT,NA
54,NA,CN:DMP,NA
55,NA,CN:GDK,NA
56,NA,CN:SID,NA
57,NA,CN:AIR,NA
58,NA,CN:CEA,NA
59,NA,CN:DXS,NA
60,NA,CN:FOU,NA
61,NA,CN:DNE,NA
62,NA,CN:KGI,NA
63,NA,CN:SPO,NA
64,NA,CN:ACR,NA
65,NA,CN:BEY,NA
66,NA,CN:BNN,NA
67,NA,CN:CSA,NA
68,NA,CN:GFI,NA
69,NA,CN:IND,NA
70,NA,CN:QHR,NA
71,NA,CN:SHP,NA
72,NA,CN:HIA,NA
73,NA,CN:ZMG,NA
74,NA,CN:COA,NA
75,NA,CN:CSO,NA
76,NA,CN:AOD,NA
77,NA,CN:SBU,NA
78,NA,CN:IMR,NA
79,NA,CN:HXI,NA
80,NA,CN:SSW,NA
81,NA,CN:CCW,NA
82,NA,CN:ZHY,NA
83,NA,CN:BTR,NA
84,NA,CN:XCC,NA
85,NA,CN:CFH,NA
86,NA,CN:CTS,NA
87,NA,CN:COI,NA
88,NA,CN:DSD,NA
89,NA,CN:CPT,NA
90,NA,CN:SRT,NA
91,NA,CN:JCI,NA
92,NA,CN:SNY,NA
93,NA,CN:XNC,NA
94,NA,CN:SDN,NA
95,NA,CN:CDC,NA
96,NA,CN:SOO,NA
97,NA,CN:SRL,NA
98,NA,CN:TJT,NA
99,NA,CN:ZCC,NA
100,NA,CN:CAU,NA
101,NA,CN:HUM,NA
102,NA,CN:SFE,NA
103,NA,CN:PNM,NA
104,NA,CN:CWG,NA
105,NA,CN:SON,NA
106,NA,CN:GUX,NA
107,NA,CN:HAS,NA
108,NA,CN:HAD,NA
109,NA,CN:ENC,NA
110,NA,CN:JEX,NA
111,NA,CN:NAD,NA
112,NA,CN:JUA,NA
113,NA,CN:NAR,NA
114,NA,CN:SZH,NA
115,NA,CN:FOI,NA
116,NA,CN:SPS,NA
117,NA,CN:SJH,NA
118,NA,CN:SEG,NA
119,NA,CN:QTO,NA
120,NA,CN:TTB,NA
121,NA,CN:YWP,NA
122,NA,CN:WSP,NA
123,NA,CN:SDI,NA
124,NA,CN:YSU,NA
125,NA,CN:YOG,NA
126,NA,CN:ZLG,NA
127,NA,CN:ZJI,NA
128,NA,CN:AKD,NA
129,NA,CN:AXM,NA
130,NA,CN:ATI,NA
131,NA,CN:HAF,NA
132,NA,CN:BCC,NA
133,NA,CN:BJT,NA
134,NA,CN:BCN,NA
135,NA,CN:BJI,NA
136,NA,CN:BUC,NA
137,NA,CN:CEW,NA
138,NA,CN:SCN,NA
139,NA,CN:CGM,NA
140,NA,CN:GEZ,NA
141,NA,CN:RUB,NA
142,NA,CN:CCB,NA
143,NA,CN:CME,NA
144,NA,CN:NAE,NA
145,NA,CN:CRW,NA
146,NA,CN:CSD,NA
147,NA,CN:CPI,NA
148,NA,CN:CXF,NA
149,NA,CN:JXI,NA
150,NA,CN:DQQ,NA
151,NA,CN:TZH,NA
152,NA,CN:XNT,NA
153,NA,CN:GUA,NA
154,NA,CN:DBR,NA
155,NA,CN:QTY,NA
156,NA,CN:DEM,NA
157,NA,CN:FNG,NA
158,NA,CN:FTT,NA
159,NA,CN:FNT,NA
160,NA,CN:FY,NA
161,NA,CN:XIT,NA
162,NA,CN:CHE,NA
163,NA,CN:XGS,NA
164,NA,CN:GZP,NA
165,NA,CN:GPE,NA
166,NA,CN:MNB,NA
167,NA,CN:HIN,NA
168,NA,CN:HPC,NA
169,NA,CN:HBA,NA
170,NA,CN:HPG,NA
171,NA,CN:QHH,NA
172,NA,CN:HGM,NA
173,NA,CN:IMM,NA
174,NA,CN:IAN,NA
175,NA,CN:JPQ,NA
176,NA,CN:JCC,NA
177,NA,CN:JGP,NA
178,NA,CN:JMC,NA
179,NA,CN:JPH,NA
180,NA,CN:JYA,NA
181,NA,CN:LIA,NA
182,NA,CN:SIA,NA
183,NA,CN:NXD,NA
184,NA,CN:SYS,NA
185,NA,CN:LDC,NA
186,NA,CN:NIN,NA
187,NA,CN:OOE,NA
188,NA,CN:PSC,NA
189,NA,CH:PCN,NA
190,NA,CN:PDT,NA
191,NA,CN:STU,NA
192,NA,CN:GIA,NA
193,NA,CN:JNN,NA
194,NA,CN:SGT,NA
195,NA,CN:SFO,NA
196,NA,CN:SAO,NA
197,NA,CN:GTW,NA
198,NA,CN:HEP,NA
199,NA,CN:SJU,NA
200,NA,CN:SWA,NA
201,NA,CN:SWX,NA
202,NA,CN:SNN,NA
203,NA,CN:DSP,NA
204,NA,CN:SIO,NA
205,NA,CN:OVA,NA
206,NA,CN:SPC,NA
207,NA,CN:TEA,NA
208,NA,CN:TDS,NA
209,NA,CN:KGC,NA
210,NA,CN:NAM,NA
211,NA,CN:USI,NA
212,NA,CN:WUD,NA
213,NA,CN:XLS,NA
214,NA,CN:XTL,NA
215,NA,CN:FLH,NA
216,NA,CN:INC,NA
217,NA,CN:YCM,NA
218,NA,CN:YPL,NA
219,NA,CN:BJU,NA
220,NA,CN:YZG,NA
221,NA,CN:ZPP,NA
222,NA,CN:ZCE,NA
223,NA,CN:SEL,NA
224,NA,CN:ZEJ,NA
225,NA,CN:ZJU,NA
226,NA,CN:ZHZ,NA
227,NA,CN:HAY,NA
228,NA,CN:AEC,NA
229,NA,CN:AJA,NA
230,NA,CN:WPS,NA
231,NA,CN:AYW,NA
232,NA,CN:GUZ,NA
233,NA,CN:BJD,NA
234,NA,CN:IMS,NA
235,NA,CN:BQA,NA
236,NA,CN:BTB,NA
237,NA,CN:BAF,NA
238,NA,CN:BDF,NA
239,NA,CN:CGR,NA
240,NA,CN:SJE,NA
241,NA,CN:GBL,NA
242,NA,CN:WCC,NA
243,NA,CN:CTT,NA
244,NA,CN:CTR,NA
245,NA,CN:CSN,NA
246,NA,CN:BJP,NA
247,NA,CN:CWT,NA
248,NA,CN:COD,NA
249,NA,CN:CGG,NA
250,NA,CN:COS,NA
251,NA,CN:DTE,NA
252,NA,CN:SDT,NA
253,NA,CN:WSC,NA
254,NA,CN:EPD,NA
255,NA,CN:HDC,NA
256,NA,CN:HWI,NA
257,NA,CN:LHN,NA
258,NA,CN:KGL,NA
259,NA,CN:FOR,NA
260,NA,CN:FJL,NA
261,NA,CN:GSJ,NA
262,NA,CN:JGA,NA
263,NA,CN:SGW,NA
264,NA,CN:GEL,NA
265,NA,CN:GHT,NA
266,NA,CN:GYT,NA
267,NA,CN:GWZ,NA
268,NA,CN:GBI,NA
269,NA,CN:GZD,NA
270,NA,CN:GIS,NA
271,NA,CN:GNO,NA
272,NA,CN:GPC,NA
273,NA,CN:GYP,NA
274,NA,CN:FPM,NA
275,NA,CN:HIC,NA
276,NA,CN:JET,NA
277,NA,CN:HZP,NA
278,NA,CN:NXT,NA
279,NA,CN:HHX,NA
280,NA,CN:TAE,NA
281,NA,CN:WTT,NA
282,NA,CN:KJH,NA
283,NA,CN:ZHD,NA
284,NA,CN:CYR,NA
285,NA,CN:IMJ,NA
286,NA,CN:IMY,NA
287,NA,CN:WLL,NA
288,NA,CN:JKI,NA
289,NA,CN:JSH,NA
290,NA,CN:KLB,NA
291,NA,CN:JLE,NA
292,NA,CN:JWI,NA
293,NA,CN:JHA,NA
294,NA,CN:JMD,NA
295,NA,CN:TTP,NA
296,NA,CN:KED,NA
297,NA,CN:KCE,NA
298,NA,CN:GUK,NA
299,NA,CN:LSH,NA
300,NA,CN:CFP,NA
301,NA,CN:LBX,NA
302,NA,CN:LNJ,NA
303,NA,CN:LFI,NA
304,NA,CN:LCN,NA
305,NA,CN:MIS,NA
306,NA,CN:HAB,NA
307,NA,CN:MNM,NA
308,NA,CN:NJX,NA
309,NA,CN:NVS,NA
310,NA,CN:NNB,NA
311,NA,CN:NTG,NA
312,NA,CN:BNP,NA
313,NA,CN:LIN,NA
314,NA,CN:NIC,NA
315,NA,CN:RZO,NA
316,NA,CN:RGY,NA
317,NA,CN:SAP,NA
318,NA,CN:SAA,NA
319,NA,CN:SRB,NA
320,NA,CN:SFA,NA
321,NA,CN:SNJ,NA
322,NA,CN:STE,NA
323,NA,CN:SQT,NA
324,NA,CN:SAE,NA
325,NA,CN:SYT,NA
326,NA,CN:SZM,NA
327,NA,CN:SAC,NA
328,NA,CN:SPQ,NA
329,NA,CN:SEC,NA
330,NA,CN:HIB,NA
331,NA,CN:PUD,NA
332,NA,CN:SJF,NA
333,NA,CN:SMG,NA
334,NA,CN:SSA,NA
335,NA,CN:SWF,NA
336,NA,CN:SIR,NA
337,NA,CN:PRN,NA
338,NA,CN:SLS,NA
339,NA,CN:SXX,NA
340,NA,CN:DSC,NA
341,NA,CN:YTB,NA
342,NA,CN:SZX,NA
343,NA,CN:SEN,NA
344,NA,CN:SCE,NA
345,NA,CN:AST,NA
346,NA,CN:AQW,NA
347,NA,CN:SIJ,NA
348,NA,CN:SCI,NA
349,NA,CN:SIB,NA
350,NA,CN:SNR,NA
351,NA,CN:SAT,NA
352,NA,CN:PAM,NA
353,NA,CN:TPG,NA
354,NA,CN:TSC,NA
355,NA,CN:TIJ,NA
356,NA,CN:TBS,NA
357,NA,CN:WHU,NA
358,NA,CN:WRG,NA
359,NA,CN:ZWH,NA
360,NA,CN:WDA,NA
361,NA,CN:XMG,NA
362,NA,CN:XXE,NA
363,NA,CN:SUE,NA
364,NA,CN:YNX,NA
365,NA,CN:YYU,NA
366,NA,CN:ZCP,NA
367,NA,CN:ZHP,NA
368,NA,CN:ZPH,NA
369,NA,CN:ZMC,NA
370,NA,CN:WEP,NA
371,NA,CN:SWI,NA
372,NA,CN:ZZG,NA
373,NA,CN:NCA,NA
374,NA,CN:FST,NA
375,NA,CN:AGA,NA
376,NA,CN:AHH,NA
377,NA,CN:AHC,NA
378,NA,CN:AHS,NA
379,NA,CN:ASC,NA
380,NA,CN:AWA,NA
381,NA,CN:AXN,NA
382,NA,CN:YEM,NA
383,NA,CN:AIS,NA
384,NA,CN:AFG,NA
385,NA,CN:ASI,NA
386,NA,CN:BBO,NA
387,NA,CN:SJG,NA
388,NA,CN:BTC,NA
389,NA,CN:BNG,NA
390,NA,CN:BAA,NA
391,NA,CN:BAU,NA
392,NA,CN:BGR,NA
393,NA,CN:BGU,NA
394,NA,CN:BGF,NA
395,NA,CN:BLB,NA
396,NA,CN:BBC,NA
397,NA,CN:BEX,NA
398,NA,CN:BJN,NA
399,NA,CN:BTL,NA
400,NA,CN:BEN,NA
401,NA,CN:BHO,NA
402,NA,CN:BSF,NA
403,NA,CN:AUA,NA
404,NA,CN:BTT,NA
405,NA,CN:BPF,NA
406,NA,CN:BWJ,NA
407,NA,CN:SGI,NA
408,NA,CN:BPC,NA
409,NA,CN:BML,NA
410,NA,CN:BOT,NA
411,NA,CN:BRS,NA
412,NA,CN:GST,NA
413,NA,CN:CMO,NA
414,NA,CN:ACA,NA
415,NA,CN:SWO,NA
416,NA,CN:FPE,NA
417,NA,CN:CZG,NA
418,NA,CN:CXA,NA
419,NA,CN:SIL,NA
420,NA,CN:CGQ,NA
421,NA,CN:XLZ,NA
422,NA,CN:CHF,NA
423,NA,CN:CHU,NA
424,NA,CN:SWQ,NA
425,NA,CN:CES,NA
426,NA,CN:CHH,NA
427,NA,CN:DTI,NA
428,NA,CN:BEW,NA
429,NA,CN:HAN,NA
430,NA,CN:WCF,NA
431,NA,CN:CWL,NA
432,NA,CN:CCH,NA
433,NA,CN:CBR,NA
434,NA,CN:QAU,NA
435,NA,CN:CHD,NA
436,NA,CN:CFE,NA
437,NA,CN:CGU,NA
438,NA,CN:CHW,NA
439,NA,CN:CHT,NA
440,NA,CN:CQA,NA
441,NA,CN:CTG,NA
442,NA,CN:BTQ,NA
443,NA,CN:SUN,NA
444,NA,CN:FUZ,NA
445,NA,CN:CJE,NA
446,NA,CN:CNN,NA
447,NA,CN:JHI,NA
448,NA,CN:CIL,NA
449,NA,CN:DHT,NA
450,NA,CN:DAX,NA
451,NA,CN:DDS,NA
452,NA,CN:DME,NA
453,NA,CN:DZP,NA
454,NA,CN:SLN,NA
455,NA,CN:EST,NA
456,NA,CN:ZHF,NA
457,NA,CN:JCS,NA
458,NA,CN:SYI,NA
459,NA,CN:FDD,NA
460,NA,CN:FEX,NA
461,NA,CN:LEU,NA
462,NA,CN:FQP,NA
463,NA,CN:TET,NA
464,NA,CN:FSS,NA
465,NA,CN:GNS,NA
466,NA,CN:YAS,NA
467,NA,CN:GMY,NA
468,NA,CN:NHD,NA
469,NA,CN:XSM,NA
470,NA,CN:GRN,NA
471,NA,CN:GGX,NA
472,NA,CN:KGD,NA
473,NA,CN:GRI,NA
474,NA,CN:JHG,NA
475,NA,CN:GNW,NA
476,NA,CN:QIT,NA
477,NA,CN:QUI,NA
478,NA,CN:GCC,NA
479,NA,CN:ELE,NA
480,NA,CN:GPR,NA
481,NA,CN:HYD,NA
482,NA,CN:HFI,NA
483,NA,CN:HJR,NA
484,NA,CN:HSM,NA
485,NA,CN:HRG,NA
486,NA,CN:KGE,NA
487,NA,CN:HAR,NA
488,NA,CN:HVE,NA
489,NA,CN:HBC,NA
490,NA,CN:HYI,NA
491,NA,CN:HIF,NA
492,NA,CN:HBD,NA
493,NA,CN:HTD,NA
494,NA,CN:HEC,NA
495,NA,CN:HLP,NA
496,NA,CN:HNL,NA
497,NA,CN:HMA,NA
498,NA,CN:LXP,NA
499,NA,CN:HYG,NA
500,NA,CN:HZU,NA
501,NA,CN:HZE,NA
502,NA,CN:HEG,NA
503,NA,CN:HFT,NA
504,NA,CN:HTR,NA
505,NA,CN:HCC,NA
506,NA,CN:SFM,NA
507,NA,CN:HBI,NA
508,NA,CN:HKP,NA
509,NA,CN:HBM,NA
510,NA,CN:AHG,NA
511,NA,CN:HCT,NA
512,NA,CN:LLK,NA
513,NA,CN:SVD,NA
514,NA,CN:ILY,NA
515,NA,CN:IEC,NA
516,NA,CN:ILT,NA
517,NA,CN:ZNT,NA
518,NA,CN:SND,NA
519,NA,CN:CAI,NA
520,NA,CN:JMM,NA
521,NA,CN:JSY,NA
522,NA,CN:HOY,NA
523,NA,CN:JJW,NA
524,NA,CN:JCY,NA
525,NA,CN:JKP,NA
526,NA,CN:JPO,NA
527,NA,CN:QND,NA
528,NA,CN:ZHB,NA
529,NA,CN:USC,NA
530,NA,CN:JSU,NA
531,NA,CN:WML,NA
532,NA,CN:JGC,NA
533,NA,CN:JYC,NA
534,NA,CN:JYS,NA
535,NA,CN:JXG,NA
536,NA,CN:JNG,NA
537,NA,CN:JHV,NA
538,NA,CN:JWG,NA
539,NA,CN:JSM,NA
540,NA,CN:JLQ,NA
541,NA,CN:JAX,NA
542,NA,CN:JHC,NA
543,NA,CN:JOE,NA
544,NA,CN:KGN,NA
545,NA,CN:KCC,NA
546,NA,CN:GKD,NA
547,NA,CN:KPC,NA
548,NA,CN:LNG,NA
549,NA,CN:WAJ,NA
550,NA,CN:LWS,NA
551,NA,CN:IAS,NA
552,NA,CN:LNU,NA
553,NA,CN:LPG,NA
554,NA,CN:LIS,NA
555,NA,CN:LYC,NA
556,NA,CN:LFC,NA
557,NA,CN:LGC,NA
558,NA,CN:SZW,NA
559,NA,CN:MIF,NA
560,NA,CN:WUM,NA
561,NA,CN:NHG,NA
562,NA,CN:NAC,NA
563,NA,CN:NCE,NA
564,NA,CN:NIS,NA
565,NA,CN:NKM,NA
566,NA,CN:NNP,NA
567,NA,CN:NTN,NA
568,NA,CN:NBC,NA
569,NA,CN:NIG,NA
570,NA,CN:JFA,NA
571,NA,CN:NMS,NA
572,NA,CN:HXT,NA
573,NA,CN:NIY,NA
574,NA,CN:NHS,NA
575,NA,CN:NCP,NA
576,NA,CN:HBH,NA
577,NA,CN:DNG,NA
578,NA,CN:DCP,NA
579,NA,CN:POP,NA
580,NA,CN:PIN,NA
581,NA,CN:PBE,NA
582,NA,CN:QSA,NA
583,NA,CN:QBC,NA
584,NA,CN:QFR,NA
585,NA,CN:HXP,NA
586,NA,CN:LUN,NA
587,NA,CN:HME,NA
588,NA,CN:WER,NA
589,NA,CN:SQC,NA
590,NA,CN:SSN,NA
591,NA,CN:STB,NA
592,NA,CN:SCA,NA
593,NA,CN:DER,NA
594,NA,CN:SCC,NA
595,NA,CN:FGL,NA
596,NA,CN:SHI,NA
597,NA,CN:SCO,NA
598,NA,CN:SJI,NA
599,NA,CN:SHR,NA
600,NA,CN:SPN,NA
601,NA,CN:SSC,NA
602,NA,CN:SHW,NA
603,NA,CN:STO,NA
604,NA,CN:SYD,NA
605,NA,CN:SZJ,NA
606,NA,CN:PST,NA
607,NA,CN:SAN,NA
608,NA,CN:HMY,NA
609,NA,CN:SUH,NA
610,NA,CN:SUP,NA
611,NA,CN:THS,NA
612,NA,CN:SJS,NA
613,NA,CN:SLU,NA
614,NA,CN:IDA,NA
615,NA,CN:JDS,NA
616,NA,CN:BAP,NA
617,NA,CN:SBC,NA
618,NA,CN:SJL,NA
619,NA,CN:CLG,NA
620,NA,CN:SHD,NA
621,NA,CN:SDH,NA
622,NA,CN:KIA,NA
623,NA,CN:DON,NA
624,NA,CN:STR,NA
625,NA,CN:SJP,NA
626,NA,CN:SN9,NA
627,NA,CN:SLA,NA
628,NA,CN:SML,NA
629,NA,CN:SNW,NA
630,NA,CN:SIM,NA
631,NA,CN:SRM,NA
632,NA,CN:SSI,NA
633,NA,CN:SYP,NA
634,NA,CN:SNG,NA
635,NA,CN:SLC,NA
636,NA,CN:SZI,NA
637,NA,CN:SNI,NA
638,NA,CN:SFI,NA
639,NA,CN:SHT,NA
640,NA,CN:TEX,NA
641,NA,CN:CPJ,NA
642,NA,CN:SII,NA
643,NA,CN:SXM,NA
644,NA,CN:TLT,NA
645,NA,CN:SYJ,NA
646,NA,CN:SZL,NA
647,NA,CN:GJE,NA
648,NA,CN:SLE,NA
649,NA,CN:MAR,NA
650,NA,CN:JSA,NA
651,NA,CN:SGC,NA
652,NA,CN:SCG,NA
653,NA,CN:SNP,NA
654,NA,CN:SIH,NA
655,NA,CN:TSD,NA
656,NA,CN:SEY,NA
657,NA,CN:CCI,NA
658,NA,CN:TJI,NA
659,NA,CN:DPE,NA
660,NA,CN:SUO,NA
661,NA,CN:THI,NA
662,NA,CN:ZTE,NA
663,NA,CN:TSI,NA
664,NA,CN:TBC,NA
665,NA,CN:TRD,NA
666,NA,CN:FTL,NA
667,NA,CN:TZP,NA
668,NA,CN:XRP,NA
669,NA,CN:TTC,NA
670,NA,CN:TBT,NA
671,NA,CN:UST,NA
672,NA,CN:TGW,NA
673,NA,CN:TKN,NA
674,NA,CN:TJS,NA
675,NA,CN:TOP,NA
676,NA,CN:ZTI,NA
677,NA,CN:TFS,NA
678,NA,CN:ZWW,NA
679,NA,CN:WLM,NA
680,NA,CN:WGW,NA
681,NA,CN:WCG,NA
682,NA,CN:MUC,NA
683,NA,CN:WEL,NA
684,NA,CN:WSI,NA
685,NA,CN:WUX,NA
686,NA,CN:XFC,NA
687,NA,CN:XMN,NA
688,NA,CN:XMC,NA
689,NA,CN:XEM,NA
690,NA,CN:XSP,NA
691,NA,CN:XEL,NA
692,NA,CN:AZQ,NA
693,NA,CN:HLY,NA
694,NA,CN:XGF,NA
695,NA,CN:XQC,NA
696,NA,CN:XTT,NA
697,NA,CN:XUC,NA
698,NA,CN:XXT,NA
699,NA,CN:XYI,NA
700,NA,CN:XME,NA
701,NA,CN:YAP,NA
702,NA,CN:DEC,NA
703,NA,CN:PHC,NA
704,NA,CN:YNH,NA
705,NA,CN:YHN,NA
706,NA,CN:YUE,NA
707,NA,CN:YNM,NA
708,NA,CN:YNP,NA
709,NA,CN:AOK,NA
710,NA,CN:ZCT,NA
711,NA,CN:ZDM,NA
712,NA,CN:ZFE,NA
713,NA,CN:ZGB,NA
714,NA,CN:ZHG,NA
715,NA,CN:ZAI,NA
716,NA,CN:HAG,NA
717,NA,CN:ZSS,NA
718,NA,CN:CZS,NA
719,NA,CN:ZCO,NA
720,NA,CN:ZJA,NA
721,NA,CN:ZRD,NA
722,NA,CN:SUI,NA
723,NA,CN:ZBC,NA
724,NA,CN:ZGY,NA
725,NA,CN:ZHW,NA
726,NA,CN:ZSG,NA
727,NA,CN:ZCM,NA
728,NA,CN:SFB,NA
729,NA,CN:FNC,NA
730,NA,CN:HBQ,NA
731,NA,CN:ZKG,NA
732,NA,CN:HZT,NA
733,NA,CN:ZTN,NA
734,NA,CN:AEO,NA
735,NA,CN:ARI,NA
736,NA,CN:AGC,NA
737,NA,CN:AGH,NA
738,NA,CN:JTD,NA
739,NA,CN:ANI,NA
740,NA,CN:ALC,NA
741,NA,CN:AQE,NA
742,NA,CN:ATE,NA
743,NA,CN:ANW,NA
744,NA,CN:AXA,NA
745,NA,CN:ACC,NA
746,NA,CN:AFO,NA
747,NA,CN:ANY,NA
748,NA,CN:SDR,NA
749,NA,CN:SAW,NA
750,NA,CN:QAC,NA
751,NA,CN:KGA,NA
752,NA,CN:BTE,NA
753,NA,CN:HUE,NA
754,NA,CN:GHU,NA
755,NA,CN:BPT,NA
756,NA,CN:BAI,NA
757,NA,CN:BCT,NA
758,NA,CN:CUI,NA
759,NA,CN:IMN,NA
760,NA,8722AH,NA
761,NA,CN:BHH,NA
762,NA,CN:XEX,NA
763,NA,CN:BHC,NA
764,NA,CN:BPM,NA
765,NA,CN:QJL,NA
766,NA,CN:BUR,NA
767,NA,CN:BJZ,NA
768,NA,CN:BGM,NA
769,NA,CN:TYR,NA
770,NA,CN:BTO,NA
771,NA,CN:CAT,NA
772,NA,CN:CCG,NA
773,NA,CN:CYC,NA
774,NA,CN:CEC,NA
775,NA,CN:CGN,NA
776,NA,CN:CTA,NA
777,NA,CN:CXE,NA
778,NA,CN:CDS,NA
779,NA,CN:CJI,NA
780,NA,CN:CHM,NA
781,NA,CN:UTC,NA
782,NA,CN:CWS,NA
783,NA,CN:CZT,NA
784,NA,CN:HDO,NA
785,NA,CN:DAD,NA
786,NA,CN:DAE,NA
787,NA,CN:DSO,NA
788,NA,CN:DLN,NA
789,NA,CN:SER,NA
790,NA,CN:HUH,NA
791,NA,CN:DCI,NA
792,NA,CN:DFA,NA
793,NA,CN:EBE,NA
794,NA,CN:FCC,NA
795,NA,CN:FFE,NA
796,NA,CN:FFT,NA
797,NA,CN:FLB,NA
798,NA,CN:FJS,NA
799,NA,CN:HBF,NA
800,NA,CN:MIN,NA
801,NA,CN:GDS,NA
802,NA,CN:GMI,NA
803,NA,CN:GAR,NA
804,NA,CN:GEG,NA
805,NA,CN:HUT,NA
806,NA,CN:DSG,NA
807,NA,CN:CHC,NA
808,NA,CN:GMB,NA
809,NA,CN:SOC,NA
810,NA,8722AW,NA
811,NA,CN:TTG,NA
812,NA,CN:GFW,NA
813,NA,CN:GXP,NA
814,NA,CN:GWC,NA
815,NA,CN:GQE,NA
816,NA,CN:HCF,NA
817,NA,8722AR,NA
818,NA,CN:GAC,NA
819,NA,CN:GRS,NA
820,NA,CN:GWR,NA
821,NA,CN:GJA,NA
822,NA,CN:ADV,NA
823,NA,CN:HZC,NA
824,NA,CN:HTP,NA
825,NA,CN:YEI,NA
826,NA,CN:HCO,NA
827,NA,CN:HRB,NA
828,NA,CN:HDA,NA
829,NA,CN:HHT,NA
830,NA,CN:HCD,NA
831,NA,CN:CAN,NA
832,NA,CN:QRT,NA
833,NA,CN:HHC,NA
834,NA,CN:HEN,NA
835,NA,CN:HNR,NA
836,NA,CN:HZZ,NA
837,NA,CN:HTL,NA
838,NA,CN:JTE,NA
839,NA,CN:HTM,NA
840,NA,CN:HFG,NA
841,NA,CN:HBE,NA
842,NA,8722AP,NA
843,NA,87219G,NA
844,NA,CN:SBD,NA
845,NA,CN:HWC,NA
846,NA,CN:HXC,NA
847,NA,CN:WSB,NA
848,NA,CN:HCI,NA
849,NA,CN:HUN,NA
850,NA,CN:HHY,NA
851,NA,CN:HIR,NA
852,NA,CN:HNW,NA
853,NA,CN:JQM,NA
854,NA,CN:INH,NA
855,NA,CN:QYU,NA
856,NA,CN:JCE,NA
857,NA,CN:JDI,NA
858,NA,CN:JCR,NA
859,NA,CN:JIS,NA
860,NA,CN:JHT,NA
861,NA,CN:JJH,NA
862,NA,CN:JAL,NA
863,NA,CN:LEJ,NA
864,NA,CN:LUG,NA
865,NA,CN:JSP,NA
866,NA,CN:JSW,NA
867,NA,CN:SGP,NA
868,NA,CN:JSI,NA
869,NA,CN:JXN,NA
870,NA,CN:JAN,NA
871,NA,CN:JYD,NA
872,NA,CN:JZT,NA
873,NA,CN:JNZ,NA
874,NA,CN:JCJ,NA
875,NA,CN:JXC,NA
876,NA,CN:WTW,NA
877,NA,CN:JLP,NA
878,NA,8722AA,NA
879,NA,CN:JNE,NA
880,NA,CN:JFI,NA
881,NA,CN:JYG,NA
882,NA,CN:JLH,NA
883,NA,CN:ZSQ,NA
884,NA,CN:HHS,NA
885,NA,CN:KNM,NA
886,NA,CN:SRW,NA
887,NA,CN:XMR,NA
888,NA,CN:LTE,NA
889,NA,CN:LHU,NA
890,NA,CN:LAN,NA
891,NA,CN:HLT,NA
892,NA,CN:LEP,NA
893,NA,CN:LFA,NA
894,NA,CN:LTG,NA
895,NA,CN:LCL,NA
896,NA,CN:LCI,NA
897,NA,CN:LLZ,NA
898,NA,CN:BSS,NA
899,NA,CN:SDW,NA
900,NA,CN:LUY,NA
901,NA,CN:CPD,NA
902,NA,CN:XMZ,NA
903,NA,CN:MSP,NA
904,NA,CN:MHP,NA
905,NA,CN:NNJ,NA
906,NA,CN:ISE,NA
907,NA,CN:NAJ,NA
908,NA,CN:NJT,NA
909,NA,CN:NCI,NA
910,NA,CN:NID,NA
911,NA,CN:AAC,NA
912,NA,CN:NJA,NA
913,NA,CN:ALY,NA
914,NA,CN:NCO,NA
915,NA,CN:NNG,NA
916,NA,CN:NGA,NA
917,NA,CN:NOC,NA
918,NA,CN:NGN,NA
919,NA,CN:NUN,NA
920,NA,CN:NDG,NA
921,NA,CN:NZC,NA
922,NA,CN:NAI,NA
923,NA,CN:LPM,NA
924,NA,CN:HAW,NA
925,NA,CN:HLF,NA
926,NA,CN:QCF,NA
927,NA,CN:QWR,NA
928,NA,CN:QIC,NA
929,NA,CN:QYR,NA
930,NA,CN:QHI,NA
931,NA,CN:QIN,NA
932,NA,CN:QHB,NA
933,NA,CN:WJE,NA
934,NA,CN:CLB,NA
935,NA,CN:ZZB,NA
936,NA,CN:SFJ,NA
937,NA,CN:QIO,NA
938,NA,CN:SSM,NA
939,NA,CN:SBV,NA
940,NA,CN:YQS,NA
941,NA,CN:SPL,NA
942,NA,CN:ONL,NA
943,NA,CN:SLF,NA
944,NA,CN:SST,NA
945,NA,CN:SFF,NA
946,NA,CN:SGB,NA
947,NA,CN:SPI,NA
948,NA,CN:HUP,NA
949,NA,CN:SJQ,NA
950,NA,CN:JTG,NA
951,NA,CN:SLB,NA
952,NA,CN:SPG,NA
953,NA,8722AF,NA
954,NA,CN:BTH,NA
955,NA,CN:SFH,NA
956,NA,CN:GOL,NA
957,NA,CN:SDG,NA
958,NA,CN:SLM,NA
959,NA,CN:SFP,NA
960,NA,CN:HHE,NA
961,NA,CN:SKK,NA
962,NA,CN:LMM,NA
963,NA,CN:SAU,NA
964,NA,CN:LAM,NA
965,NA,CN:SLX,NA
966,NA,CN:SGM,NA
967,NA,CN:SCR,NA
968,NA,CN:SPB,NA
969,NA,CN:XDD,NA
970,NA,CN:TZD,NA
971,NA,CN:POR,NA
972,NA,CN:XLP,NA
973,NA,CN:SYC,NA
974,NA,CN:NXU,NA
975,NA,CN:AHX,NA
976,NA,CN:SXC,NA
977,NA,CN:SXL,NA
978,NA,CN:KMC,NA
979,NA,CN:HSI,NA
980,NA,CN:SCM,NA
981,NA,CN:JAT,NA
982,NA,8722AD,NA
983,NA,9273MU,NA
984,NA,8722AM,NA
985,NA,CN:EMT,NA
986,NA,CN:AAA,NA
987,NA,CN:SPP,NA
988,NA,CN:SME,NA
989,NA,CN:SMR,NA
990,NA,CN:CBE,NA
991,NA,CN:STS,NA
992,NA,CN:DFE,NA
993,NA,CN:SXP,NA
994,NA,CN:YGC,NA
995,NA,CN:SPM,NA
996,NA,CN:QJC,NA
997,NA,CN:KGB,NA
998,NA,CN:NCH,NA
999,NA,CN:HSS,NA
1000,NA,CN:KBD,NA
1001,NA,CN:SYG,NA
1002,NA,CN:TEN,NA
1003,NA,CN:TCI,NA
1004,NA,CN:TLH,NA
1005,NA,CN:SSS,NA
1006,NA,CN:TCG,NA
1007,NA,CN:TGM,NA
1008,NA,CN:TTH,NA
1009,NA,CN:TIA,NA
1010,NA,CN:TQB,NA
1011,NA,CN:TTY,NA
1012,NA,CN:THM,NA
1013,NA,CN:TIB,NA
1014,NA,CN:TSJ,NA
1015,NA,CN:TON,NA
1016,NA,CN:KJJ,NA
1017,NA,CN:RIE,NA
1018,NA,CN:WFY,NA
1019,NA,CN:WEM,NA
1020,NA,CN:YSH,NA
1021,NA,CN:TAL,NA
1022,NA,CN:WHA,NA
1023,NA,CN:WCM,NA
1024,NA,CN:WUH,NA
1025,NA,CN:WYC,NA
1026,NA,CN:WXC,NA
1027,NA,CN:WHB,NA
1028,NA,CN:SLH,NA
1029,NA,CN:XTP,NA
1030,NA,CN:XJI,NA
1031,NA,CN:SXE,NA
1032,NA,8722AU,NA
1033,NA,CN:KGG,NA
1034,NA,CN:CHN,NA
1035,NA,CN:XHC,NA
1036,NA,CN:XSS,NA
1037,NA,CN:XIS,NA
1038,NA,CN:XIJ,NA
1039,NA,CN:XJC,NA
1040,NA,CN:XKP,NA
1041,NA,CN:XSA,NA
1042,NA,CN:XTA,NA
1043,NA,CN:XIG,NA
1044,NA,CN:XTC,NA
1045,NA,CN:CQQ,NA
1046,NA,CN:WUL,NA
1047,NA,CN:XDT,NA
1048,NA,CN:YSX,NA
1049,NA,CN:YYX,NA
1050,NA,CN:YNT,NA
1051,NA,CN:YMR,NA
1052,NA,CN:YIB,NA
1053,NA,CN:YRI,NA
1054,NA,CN:YBC,NA
1055,NA,CN:YJF,NA
1056,NA,CN:YHG,NA
1057,NA,CN:YWE,NA
1058,NA,CN:YAN,NA
1059,NA,CN:ZJD,NA
1060,NA,CN:ZXC,NA
1061,NA,CN:CPR,NA
1062,NA,CN:DEH,NA
1063,NA,CN:ZFA,NA
1064,NA,CN:ZGC,NA
1065,NA,CN:ZGE,NA
1066,NA,CN:ZJG,NA
1067,NA,CN:NEJ,NA
1068,NA,CN:ZOG,NA
1069,NA,CN:ZBI,NA
1070,NA,CN:YPH,NA
1071,NA,CN:ZRT,NA
1072,NA,CN:ZTO,NA
1073,NA,CN:UEF,NA
1074,NA,CN:WQF,NA
1075,NA,CN:ZXT,NA
1076,NA,CN:ZZC,NA
1077,NA,CN:GGH,NA
1078,NA,CN:DHA,NA
1079,NA,CN:ZAR,NA
1080,NA,CN:ZPC,NA
1081,NA,CN:ZQP,NA
1082,NA,8722AK,NA
1083,NA,CN:BBM,NA
1084,NA,CN:BJG,NA
1085,NA,CN:CCC,NA
1086,NA,CN:CON,NA
1087,NA,CN:MLY,NA
1088,NA,CN:CIR,NA
1089,NA,CN:PDA,NA
1090,NA,CN:DAT,NA
1091,NA,CN:FIR,NA
1092,NA,CN:GWM,NA
1093,NA,CN:GRA,NA
1094,NA,CN:GAU,NA
1095,NA,CN:HIP,NA
1096,NA,CN:PNS,NA
1097,NA,CN:SEX,NA
1098,NA,140911,NA
1099,NA,CN:ACG,2004-09-15 00:00:00
1100,NA,CN:ACM,NA
1101,NA,CN:BAC,2007-12-26 00:00:00
1102,NA,CN:NEH,2004-09-22 00:00:00
1103,NA,CN:CXV,2010-01-05 00:00:00
1104,NA,CN:CNR,2015-05-21 00:00:00
1105,NA,CN:CKG,2015-05-26 00:00:00
1106,NA,CN:CSI,2005-09-16 00:00:00
1107,NA,CN:DAL,2004-09-15 00:00:00
1108,NA,CN:DLP,2007-12-13 00:00:00
1109,NA,CN:DBO,2008-02-19 00:00:00
1110,NA,CN:FUJ,2006-03-23 00:00:00
1111,NA,CN:HCM,2012-03-20 00:00:00
1112,NA,CN:SIC,2005-08-05 00:00:00
1113,NA,CN:HAC,2005-09-22 00:00:00
1114,NA,CN:HIS,2010-01-05 00:00:00
1115,NA,CN:HTA,2011-02-18 00:00:00
1116,NA,CN:HAH,2005-12-31 00:00:00
1117,NA,CN:HNP,2013-07-15 00:00:00
1118,NA,CN:SYL,NA
1119,NA,CN:NGC,2007-05-28 00:00:00
1120,NA,CN:HNN,2009-03-02 00:00:00
1121,NA,CN:YST,2007-06-04 00:00:00
1122,NA,CN:LAI,2012-02-28 00:00:00
1123,NA,CN:LZA,2007-04-30 00:00:00
1124,NA,CN:NWT,2014-06-05 00:00:00
1125,NA,CN:NEC,2010-02-26 00:00:00
1126,NA,CN:PET,2006-09-01 00:00:00
1127,NA,CN:CIC,NA
1128,NA,CN:SXB,2005-09-20 00:00:00
1129,NA,CN:SPA,2006-09-01 00:00:00
1130,NA,CN:ASH,2010-01-25 00:00:00
1131,NA,CN:SCJ,2003-09-22 00:00:00
1132,NA,CN:SHU,2004-11-18 00:00:00
1133,NA,CN:SUT,2010-02-12 00:00:00
1134,NA,CN:SNE,2001-04-23 00:00:00
1135,NA,CN:SOP,2015-05-21 00:00:00
1136,NA,CN:SZP,2010-02-12 00:00:00
1137,NA,CN:SAD,2007-04-30 00:00:00
1138,NA,CN:SDS,2011-08-23 00:00:00
1139,NA,27593V,NA
1140,NA,CN:SEA,2008-12-16 00:00:00
1141,NA,CN:QPC,2006-04-21 00:00:00
1142,NA,CN:DMD,2005-03-25 00:00:00
1143,NA,CN:SXD,2009-08-31 00:00:00
1144,NA,CN:XNL,2005-09-21 00:00:00
1145,NA,CN:ANX,NA
1146,NA,CN:BNS,NA
1147,NA,30165K,2004-11-18 00:00:00
1148,NA,CN:SJ@,NA
1149,NA,27593W,NA
1150,NA,CN:SJO,NA
1151,NA,CN:SZR,2006-03-24 00:00:00
1152,NA,50574T,NA
1153,NA,68677Q,NA
1154,NA,68677N,NA
1155,NA,68677M,NA
1156,NA,51064N,NA
1157,NA,54409L,NA
1158,NA,28027T,2002-10-08 00:00:00
1159,NA,31338F,NA
1160,NA,27611K,NA
1161,NA,71970M,NA
1162,NA,74903U,NA
1163,NA,8744ZN,NA
1164,NA,27612T,NA
1165,NA,30120R,NA
1166,NA,51496J,NA
1167,NA,CN:BDP,NA
1168,NA,86637L,NA
1169,NA,CN:BSG,NA
1170,NA,27611F,NA
1171,NA,86817N,NA
1172,NA,86751V,2016-04-11 00:00:00
1173,NA,27612V,NA
1174,NA,86815H,NA
1175,NA,27612C,NA
1176,NA,67437L,NA
1177,NA,69745K,NA
1178,NA,67770H,2011-08-19 00:00:00
1179,NA,CN:CPU,NA
1180,NA,50920W,NA
1181,NA,775974,NA
1182,NA,CN:CEN,NA
1183,NA,9222Z1,NA
1184,NA,50575E,NA
1185,NA,70806X,NA
1186,NA,CN:CIM,NA
1187,NA,86809J,NA
1188,NA,88053J,NA
1189,NA,8749Y6,2015-08-11 00:00:00
1190,NA,51496K,NA
1191,NA,88091V,NA
1192,NA,72483E,NA
1193,NA,69880N,NA
1194,NA,8871NW,NA
1195,NA,31338E,NA
1196,NA,86722E,NA
1197,NA,87071D,2011-01-19 00:00:00
1198,NA,27613K,NA
1199,NA,86967C,2011-09-16 00:00:00
1200,NA,87484R,NA
1201,NA,86751F,NA
1202,NA,86818J,NA
1203,NA,CN:CHZ,NA
1204,NA,86812U,NA
1205,NA,86751L,NA
1206,NA,87517W,NA
1207,NA,CN:CJA,NA
1208,NA,86751N,NA
1209,NA,86817X,NA
1210,NA,51496L,NA
1211,NA,68159T,2015-11-23 00:00:00
1212,NA,27612M,2014-07-11 00:00:00
1213,NA,CN:GED,NA
1214,NA,CN:GPV,NA
1215,NA,27604R,NA
1216,NA,CN:GRY,NA
1217,NA,51521M,NA
1218,NA,CN:GNU,NA
1219,NA,8749YZ,NA
1220,NA,CN:GSH,NA
1221,NA,8946Y8,NA
1222,NA,86915H,NA
1223,NA,27611X,NA
1224,NA,8744ZQ,NA
1225,NA,CN:ARB,NA
1226,NA,27610T,NA
1227,NA,CN:EIL,NA
1228,NA,27612N,NA
1229,NA,775973,NA
1230,NA,27611M,NA
1231,NA,8749Y5,NA
1232,NA,69033L,NA
1233,NA,CN:JMO,NA
1234,NA,CN:JEY,NA
1235,NA,CN:JNA,NA
1236,NA,27612E,2015-11-23 00:00:00
1237,NA,27612U,NA
1238,NA,86809K,NA
1239,NA,27565K,NA
1240,NA,CN:JAC,NA
1241,NA,72400V,NA
1242,NA,27612H,NA
1243,NA,69880Q,NA
1244,NA,CN:KNK,NA
1245,NA,86815J,NA
1246,NA,87447W,NA
1247,NA,50574V,NA
1248,NA,CN:NJI,NA
1249,NA,27609N,NA
1250,NA,27615U,NA
1251,NA,86813N,NA
1252,NA,27612Q,NA
1253,NA,86751R,NA
1254,NA,CN:QMT,NA
1255,NA,86751Q,NA
1256,NA,CN:SI@,NA
1257,NA,CN:ALK,NA
1258,NA,CN:S@F,NA
1259,NA,CN:SIU,NA
1260,NA,27612X,NA
1261,NA,CN:S@L,NA
1262,NA,CN:SL@,NA
1263,NA,CN:S@G,NA
1264,NA,27611U,NA
1265,NA,CN:S@E,NA
1266,NA,CN:SY@,NA
1267,NA,CN:ZZP,NA
1268,NA,86981F,2015-11-19 00:00:00
1269,NA,68143E,2015-11-19 00:00:00
1270,NA,27611V,NA
1271,NA,CN:SH@,NA
1272,NA,27613L,NA
1273,NA,27609R,NA
1274,NA,54409M,NA
1275,NA,27611T,NA
1276,NA,8747TX,NA
1277,NA,54267E,NA
1278,NA,CN:CT@,NA
1279,NA,CN:SJB,NA
1280,NA,27615T,NA
1281,NA,27611L,NA
1282,NA,41667T,2006-10-20 00:00:00
1283,NA,CN:SSU,2003-02-21 00:00:00
1284,NA,CN:SXG,NA
1285,NA,CN:SYN,NA
1286,NA,27612F,NA
1287,NA,CN:ZEX,NA
1288,NA,CN:EXS,NA
1289,NA,8705QA,NA
1290,NA,CN:S@Z,NA
1291,NA,CN:SBX,2009-12-04 00:00:00
1292,NA,CN:SBP,NA
1293,NA,CN:SGR,2005-09-22 00:00:00
1294,NA,CN:S@B,NA
1295,NA,27611W,NA
1296,NA,27609F,2005-05-11 00:00:00
1297,NA,93650M,NA
1298,NA,86817T,NA
1299,NA,27594C,NA
1300,NA,86751U,NA
1301,NA,28864M,NA
1302,NA,50575D,NA
1303,NA,51064M,NA
1304,NA,27612L,NA
1305,NA,CN:SV@,NA
1306,NA,51496M,NA
1307,NA,86815F,NA
1308,NA,86751D,NA
1309,NA,86817U,NA
1310,NA,27611R,NA
1311,NA,CN:TRN,NA
1312,NA,27609W,NA
1313,NA,50574X,NA
1314,NA,CN:TSN,NA
1315,NA,27597D,NA
1316,NA,86980X,NA
1317,NA,86981C,NA
1318,NA,87141X,NA
1319,NA,CN:WEI,NA
1320,NA,86815E,NA
1321,NA,27593X,NA
1322,NA,51680T,2007-12-21 00:00:00
1323,NA,51496T,NA
1324,NA,27612R,NA
1325,NA,27613H,NA
1326,NA,CN:ZEC,NA
1327,NA,27612K,2013-11-15 00:00:00
1328,NA,8708NT,2013-11-12 00:00:00
1329,NA,9512AL,NA
1330,NA,27613D,2012-02-14 00:00:00
1331,NA,86751P,NA
